CEP;CIDADE;BAIRRO;RUA;ESTADO
69017035;Manaus;Nova Cidade;Rua Pastor Júlio Dantas;AM
69553325;Tefé;São João;Rua Bom Jardim - até 998/999;AM
69005440;Manaus;Centro;Travessa Vivaldo Lima;AM
69553335;Tefé;São João;Travessa da Paz;AM
69010903;Manaus;Centro;Avenida Ramos Ferreira, 596 ;AM
69550053;Tefé;Centro;Praça Santa Teresa;AM
69403595;Manacapuru;Vale Verde;Travessa 5;AM
69018083;Manaus;Lago Azul;Rua 11 (Lot Acará);AM
69101074;Itacoatiara;Iraci;Rua Coronel Serudo Martins - de 1003/1004 ao fim;AM
69104220;Itacoatiara;Jauari I;Beco Teodorico Nunes;AM
69104830;Itacoatiara;Jardim Adriana;Rua Rosa;AM
69104003;Itacoatiara;Santa Luzia;Rua Benjamim Constant - de 2622 a 3334 - lado par;AM
69005020;Manaus;Centro;Rua dos Barés;AM
69557235;Tefé;Monte Castelo;Rua Irmã Adonai;AM
69152620;Parintins;Pascal Alárgio;Rua Cuba;AM
69018664;Manaus;Lago Azul;Avenida da União (Res V Melhor - 2ª Etapa);AM
69063390;Manaus;Petrópolis;Avenida Codajás;AM
69151588;Parintins;São José Operário;Beco Ademir Fárias;AM
69019615;Manaus;Lago Azul;Rua Paineira das Pedras;AM
69005203;Manaus;Centro;Praça Waldemar Pedrosa;AM
69100900;Itacoatiara;Centro;Avenida Parque, 520 ;AM
69063230;Manaus;São Francisco;Beco Aron Benevides;AM
69557215;Tefé;Monte Castelo;Rua Rosângela Coca;AM
69151734;Parintins;Vitória Régia;Rua Nova;AM
69103460;Itacoatiara;Eduardo Braga I;Rua 2 de Novembro;AM
69015718;Manaus;Colônia Terra Nova;Rua Andros;AM
69008256;Manaus;Colônia Antônio Aleixo;Rua 16 de Maio;AM
69153280;Parintins;Santa Rita de Cássia;Rua Vicente Reis;AM
69103128;Itacoatiara;Tiradentes;Rua Nossa Senhora do Rosário - de 3825 a 4035 - lado ímpar;AM
69009050;Manaus;Puraquequara;Rua Capitão Anísio;AM
69067443;Manaus;Petrópolis;Rua José Grosso;AM
69402369;Manacapuru;Morada do Sol;Rua B (Lot D Fiel - Etapa 1);AM
69103204;Itacoatiara;Tiradentes;Rua Borba - de 4121/4122 a 4401/4402;AM
69018041;Manaus;Lago Azul;Rua Paranaíba;AM
69009060;Manaus;Puraquequara;Rua Lago do Aleixo;AM
69401191;Manacapuru;União;Travessa Atumã;AM
69010182;Manaus;Centro;Beco Silvino Santos;AM
69060105;Manaus;Aleixo;Rua Cumucim;AM
69101805;Itacoatiara;Mamoud Amed;Rua São Mateus;AM
69067631;Manaus;Petrópolis;Rua Régis;AM
69401071;Manacapuru;União;Beco 2 (Com Portelinha);AM
69101642;Itacoatiara;Jardim Florestal;Rua Cecília - até 641/642;AM
69060560;Manaus;Aleixo;Rua Selma Acioly;AM
69400086;Manacapuru;Biribiri;Rua Marcílio Dias - de 1187 a 99999 - lado ímpar;AM
69067514;Manaus;Petrópolis;Rua Governador Gilberto Mestrinho;AM
69017215;Manaus;Santa Etelvina;Rua Professora Aurora Rêgo;AM
69400761;Manacapuru;São José;Travessa Acariquara;AM
69007260;Manaus;Distrito Industrial II;Avenida Colantino Aleixo;AM
69103556;Itacoatiara;Eduardo Braga II;Rua Humberto Calderaro Filho - de 3147/3148 a 3539/3540;AM
69063034;Manaus;São Francisco;Rua Rio Trombetas;AM
69015418;Manaus;Colônia Terra Nova;Rua Via Sacra;AM
69080900;Manaus;Coroado;Avenida Rodrigo Otávio, 6200 ;AM
69060082;Manaus;Aleixo;Rua da Lua;AM
69152065;Parintins;Paulo Correa;Rua Santa Terezinha;AM
69151425;Parintins;Raimundo Muniz;Rua Tucumã (Cj Macurany);AM
69067564;Manaus;Petrópolis;Travessa Anuera;AM
69063700;Manaus;São Francisco;Rua Walter Zuani;AM
69017330;Manaus;Nova Cidade;Rua Irmã Elizabeth Bayma;AM
69401293;Manacapuru;Terra Preta;Rua 3 (Cj E Braga I);AM
69007039;Manaus;Distrito Industrial II;Rua Polvo (Cj Lula);AM
69065360;Manaus;Cachoeirinha;Travessa Borba;AM
69100113;Itacoatiara;Colônia;Rua Benjamim Constant - de 2 a 1976 - lado par;AM
69015710;Manaus;Colônia Terra Nova;Rua da Ascenção;AM
69067690;Manaus;Petrópolis;Rua Carlos Rocha;AM
69067461;Manaus;Petrópolis;Beco Xavier;AM
69060050;Manaus;Aleixo;Rua Atagamita;AM
69008370;Manaus;Colônia Antônio Aleixo;Rua Califórnia;AM
69063519;Manaus;São Francisco;Beco Severino Vieira;AM
69017005;Manaus;Nova Cidade;Rua Cônego José Monteiro de Noronha;AM
69402078;Manacapuru;Morada do Sol;Rua Josefa Menezes;AM
69552585;Tefé;São José;Rua Izaura Gama;AM
69065016;Manaus;Cachoeirinha;Rua 1 (P Res Mestre Chico II) - até 99998 - lado par;AM
69100024;Itacoatiara;Centro;Avenida Manaus - de 689 a 1213 - lado ímpar;AM
69015595;Manaus;Colônia Terra Nova;Rua Morada Cristã;AM
69401814;Manacapuru;Nova Manacá;Rua Edmundo Sefair;AM
69017285;Manaus;Santa Etelvina;Rua Mamuí;AM
69010901;Manaus;Centro;Avenida Eduardo Ribeiro, 520 ;AM
69008200;Manaus;Colônia Antônio Aleixo;Rua José Maria da Fé;AM
69553425;Tefé;Nova Esperança;Rua Catalão;AM
69550308;Tefé;Santa Luzia;Avenida Tiradentes - de 488 a 756 - lado par;AM
69400234;Manacapuru;Centro;Rua Quintino Bocaiúva - lado par;AM
69101568;Itacoatiara;Nogueira Júnior;Rua Airton Senna;AM
69403580;Manacapuru;Vale Verde;Rua 1;AM
69100096;Itacoatiara;Centro;Rua Isaac Peres - até 2288/2289;AM
69008440;Manaus;Colônia Antônio Aleixo;Praça do Congresso;AM
69151508;Parintins;Francesa;Beco João Meireles;AM
69152060;Parintins;Paulo Correa;Rua Santa Ana;AM
69553215;Tefé;Fonte Boa;Estrada do Bexiga - de 1995 ao fim - lado ímpar;AM
69103468;Itacoatiara;Eduardo Braga I;Rua 25 de Dezembro;AM
69060800;Manaus;Aleixo;Conjunto Monte Líbano;AM
69152394;Parintins;João Novo;Rua Bulgarin (Cj J Novo);AM
69152572;Parintins;União;Rua A;AM
69005333;Manaus;Centro;Beco Casimiro;AM
69009007;Manaus;Puraquequara;Rua Braúna;AM
69018040;Manaus;Lago Azul;Rua Curió Paracambi;AM
69401816;Manacapuru;Nova Manacá;Rua Angelus Figueira - até 3948/3949;AM
69151452;Parintins;Raimundo Muniz;Rua Gomes de Castro;AM
69103472;Itacoatiara;Eduardo Braga I;Rua 21 de Abril;AM
69401544;Manacapuru;Terra Preta;Rua São Vicente (Lot M Cristo);AM
69063660;Manaus;Petrópolis;Rua Sinval de Moura;AM
68501540;Marabá;Cidade Nova;Rua Pedro Carneiro;PA
68181600;Itaituba;Piracanã;Rua Cumaru (Cj Res Vle Piracanã);PA
67145440;Ananindeua;Quarenta Horas (Coqueiro);Passagem Domingos Sávio;PA
66060430;Belém;Fátima;Passagem Professora Antônia Nunes;PA
67146092;Ananindeua;Curuçambá;Passagem Farias;PA
66026132;Belém;Jurunas;Vila Cristóvão;PA
67133480;Ananindeua;Cidade Nova;Passagem São Roque (Cidade Nova V);PA
66030386;Belém;Jurunas;Passagem São Silvestre;PA
68742290;Castanhal;Cristo Redentor;Avenida Duque de Caxias - de 2192/2193 ao fim;PA
66083550;Belém;Sacramenta;Passagem São Joaquim;PA
66065575;Belém;Condor;Passagem Paulo Cícero - até 649/650;PA
66110190;Belém;Maracangalha;Rua Assembléia;PA
67035430;Ananindeua;Distrito Industrial;Passagem Paulo Nogueira;PA
67013219;Ananindeua;Atalaia;Alameda I (Lot Sto André);PA
67125661;Ananindeua;Icuí-Guajará;Quadra B (Lot Cristo Rei);PA
67140280;Ananindeua;Cidade Nova;Travessa WE-87 (Cidade Nova VI);PA
68455610;Tucuruí;Setor Novo Oeste;Rua Oito (Parque Residencial);PA
68700470;Capanema;Oliveira Brito;Rua Henrique Glins;PA
66117016;Belém;Barreiro;Vila Nova;PA
66030494;Belém;Jurunas;Vila São Rafael;PA
68041142;Santarém;Laguinho;Avenida Rui Barbosa - de 2702/2703 a 3101/3102;PA
66030790;Belém;Jurunas;Vila São Caetano;PA
68030650;Santarém;Caranazal;Avenida Irurá - até 953/954;PA
66652240;Belém;Una;Passagem da Brasil;PA
66615205;Belém;Marambaia;Passagem Bom Jesus;PA
66911040;Belém;Maracajá (Mosqueiro);Rua João Tocantins Pena;PA
66060210;Belém;Fátima;Vila Fonseca;PA
67146154;Ananindeua;Curuçambá;Rua Jáder Barbalho;PA
66645130;Belém;Castanheira;Rua Euclides da Cunha;PA
68513626;Marabá;São Félix Pioneiro;Rua Sossego;PA
66845282;Belém;Brasília (Outeiro);Rua São José;PA
67125078;Ananindeua;Icuí-Guajará;Travessa Princesa Diana;PA
67040160;Ananindeua;Centro;Quadra Dezesseis A (Cj Geraldo Palmeira);PA
66635586;Belém;Parque Verde;Passagem Sete de Setembro;PA
66613160;Belém;Souza;Passagem Aliados;PA
67110295;Ananindeua;Guanabara;Passagem Tancredo Neves;PA
67030135;Ananindeua;Centro;Alameda Bons Amigos;PA
67145305;Ananindeua;Maguari;Quadra Vinte e Oito (Cj PAAR);PA
66831185;Belém;Tapanã (Icoaraci);Passagem Maria Tereza;PA
66640840;Belém;Mangueirão;Passagem Cruzeiro;PA
67133465;Ananindeua;Cidade Nova;Residencial Araçari;PA
68458390;Tucuruí;Santa Isabel;Rua G;PA
66630080;Belém;Bengui;Rua São Clemente - até km 1,000;PA
66077051;Belém;Guamá;Passagem Bom Pastor;PA
66065375;Belém;Guamá;Conjunto Mangar I;PA
66643115;Belém;São Clemente;Rua dos Cinqüenta (S Gaspar);PA
67124012;Ananindeua;Icuí-Laranjeira;Rua Boa Esperança (Antônio Conselheiro);PA
68629424;Paragominas;Industrial;Rua da Maçaranduba;PA
68700035;Capanema;Centro;Vila Aguiar;PA
66650505;Belém;Coqueiro;Quadra Cinqüenta e Nove (Ariri Bolonha);PA
66035360;Belém;Jurunas;Rua dos Mundurucus - de 761/762 a 1361/1362;PA
66075580;Belém;Guamá;Passagem Santa Fé;PA
66843215;Belém;Água Boa (Outeiro);Passagem Nova República II;PA
66030530;Belém;Jurunas;Vila São Luís;PA
66030165;Belém;Jurunas;Passagem da Paz;PA
66843025;Belém;Água Boa (Outeiro);Passagem do Limão;PA
68455661;Tucuruí;Vila Permanente;Rua Áustria;PA
68020580;Santarém;Diamantino;Rua Padre Felipe Betendorf - de 859/860 ao fim;PA
68504008;Marabá;Nova Marabá;Rua Arlete Mutran;PA
66623316;Belém;Marambaia;Travessa G (Cj Gleba II);PA
66025972;Belém;Jurunas;Avenida Roberto Camelier, 950 ;PA
68506530;Marabá;Nova Marabá;Quadra Doze (Fl.29);PA
68455750;Tucuruí;Vila Permanente;Rua Madeira;PA
67118112;Ananindeua;Águas Lindas;Passagem São Luis;PA
66060230;Belém;Nazaré;Avenida Governador José Malcher - de 1209/1210 a 1770/1771;PA
67125063;Ananindeua;Icuí-Guajará;Passagem Gerson Monteiro;PA
66650489;Belém;Coqueiro;Quadra Vinte (Cj Xingu);PA
66030660;Belém;Jurunas;Vila Moraes;PA
66615792;Belém;Marambaia;Alameda José Malcher (Canal São Joaquim);PA
66635070;Belém;Parque Verde;Conjunto Parque Verde;PA
66123330;Belém;Sacramenta;Rua Teodoro Palmeira;PA
67145855;Ananindeua;Maguari;Quadra Setenta e Sete (Cj PAAR);PA
66026364;Belém;Jurunas;Vila Marques;PA
66015020;Belém;Campina;Rua Senador Manoel Barata - até 421 - lado ímpar;PA
67105040;Ananindeua;Marituba;Passagem São Cristóvão;PA
68501524;Marabá;Cidade Nova;Rua Manoel de Abreu;PA
67124250;Ananindeua;Icuí-Laranjeira;Alameda da Paz;PA
68025165;Santarém;Nova República;Beco Beija-Flor;PA
66918510;Belém;Murubira (Mosqueiro);Alameda Francisco Machado;PA
66095175;Belém;Marco;Passagem Rosa Maria II;PA
68182100;Itaituba;Mesquitas;Travessa Sétima;PA
66843065;Belém;Água Boa (Outeiro);Alameda Lima;PA
68040455;Santarém;Fátima;Rua Vinte e Quatro de Outubro - de 1905/1906 a 2448/2449;PA
68035145;Santarém;Maracanã;Travessa Lago Verde;PA
67020591;Ananindeua;Águas Lindas;Alameda Cícero;PA
66083210;Belém;Pedreira;Vila Cristina (Da Tv Br do Triunfo);PA
66690842;Belém;Águas Lindas;Rua São Carlos (Res Jardim Nova Vida);PA
67120409;Ananindeua;Quarenta Horas (Coqueiro);Rua Pinto Marques;PA
66650195;Belém;Coqueiro;Quadra Vinte e Oito (Ariri Bolonha);PA
66073045;Belém;Guamá;Alameda B (Cj Roraima);PA
66615235;Belém;Marambaia;Rua B (Cj Pedro Álvares Cabral);PA
66075575;Belém;Guamá;Vila São João;PA
68040400;Santarém;Salé;Avenida Cuiabá;PA
68455110;Tucuruí;Bela Vista;Rua Acre;PA
66630800;Belém;Bengui;Passagem São Paulo (Da R Benfica);PA
67030857;Ananindeua;Centro;Quadra M (Cj Jd Ananindeua);PA
66630291;Belém;Bengui;Beco da Jaqueira;PA
67120597;Ananindeua;Quarenta Horas (Coqueiro);Rua Topázio (Jardim Cristal);PA
66117040;Belém;Barreiro;Passagem Feliz;PA
66670390;Belém;Coqueiro;Travessa WE-3 (Cj Satélite);PA
41250257;Salvador;São Marcos;Travessa Mércia;BA
40254180;Salvador;Cosme de Farias;Travessa Angélica;BA
41615161;Salvador;Alto do Coqueirinho;Travessa 21 de Março;BA
48860972;Queimadas;Lagoinha;Praça do Comércio, s/n ;BA
45662288;Ilhéus;Salobrinho;Rua São Miguel;BA
45008320;Vitória da Conquista;Lagoa das Flores;Rua Onze (Chs Agroflores);BA
41740504;Salvador;Pituaçu;Travessa 2 de Janeiro;BA
42804610;Camaçari;Gleba E;Rua Espatódias;BA
44077754;Feira de Santana;Santa Mônica;Rua Nossa Senhora do Carmo;BA
40320245;Salvador;Caixa DÁgua;2ª Travessa São Tomé;BA
41490428;Salvador;Mussurunga I;Travessa 15-A (Gleba C);BA
40070590;Salvador;Barris;Vila Coqueiros;BA
41230455;Salvador;Jardim Cajazeiras;Avenida Aliomar Baleeiro;BA
40240095;Salvador;Engenho Velho de Brotas;3ª Travessa Manoel Faustino;BA
40450330;Salvador;Uruguai;Travessa Polivalente;BA
45607313;Itabuna;São Caetano;Avenida Manoel Souza Chaves - de 2271 a 2479 - lado ímpar;BA
42802330;Camaçari;Piaçaveira;Rua Eixo F;BA
41400172;Salvador;CEASA;Rua Praia dos Artistas;BA
40355705;Salvador;Fazenda Grande do Retiro;Avenida Dantas;BA
41510430;Salvador;São Cristóvão;Vila Adutora do Bispo;BA
40040230;Salvador;Nazaré;Travessa Almirante Leal Ferreira;BA
41336425;Salvador;Cajazeiras;Rua Rio Vermelho;BA
41500100;Salvador;São Cristóvão;Rua São Mateus;BA
40243660;Salvador;Engenho Velho de Brotas;Vila Frederico Costa;BA
44031040;Feira de Santana;Pampalona;Rua São Joaquim;BA
47810704;Barreiras;Barreirinhas;Rua Pará;BA
45089320;Vitória da Conquista;Distrito Industrial;Rua Vinte e Quatro (Chs Morumbi);BA
45985663;Teixeira de Freitas;Ouro Verde;Rua Rubens Mota Dantas;BA
44094486;Feira de Santana;35º BI;Rua do Exército;BA
45830702;Eunápolis;Niterói;Avenida Copacabana - lado par;BA
45990366;Teixeira de Freitas;Santa Rosa de Lima;Rua Jericó;BA
40720162;Salvador;Periperi;1ª Avenida 9 de março;BA
40713425;Salvador;Itacaranha;Vila Mimo;BA
40353353;Salvador;Fazenda Grande do Retiro;Vila Tereza;BA
41610845;Salvador;Itapuã;Travessa Manoel Esteves;BA
41330440;Salvador;Cajazeiras;Rua Maria Antonieta;BA
44075379;Feira de Santana;Ponto Central;Rua Jordânia;BA
45005620;Vitória da Conquista;Alto Maron;Rua D (Alto da Colina);BA
44061430;Feira de Santana;Papagaio;Rua José Wilton;BA
40340440;Salvador;IAPI;Rua Santo Antônio de Pádua;BA
45830662;Eunápolis;Niterói;Rua Ilha Bela;BA
41253247;Salvador;São Marcos;Rua Rudival Júnior;BA
40355640;Salvador;Fazenda Grande do Retiro;Travessa Zilma;BA
44091036;Feira de Santana;Tomba;Rua Delmiro Gouveia;BA
41339568;Salvador;Cajazeiras;Caminho 03-Quadra F (Faz Grande I);BA
41770710;Salvador;Stiep;Travessa Abrantes;BA
41905795;Salvador;Nordeste;Rua Francisco Sales;BA
45037364;Vitória da Conquista;Espírito Santo;Caminho Quatorze (Urbis VI);BA
45065305;Vitória da Conquista;Patagônia;Rua Xavantes;BA
40330670;Salvador;IAPI;Baixa Santo do Antônio;BA
44019830;Feira de Santana;Nova Esperança;Rua Farias de Lemos;BA
41231073;Salvador;Jardim Santo Inácio;Alameda 40;BA
40725010;Salvador;Praia Grande;Rua Agenor de Freitas;BA
41345187;Salvador;Cajazeiras;Rua Abel;BA
44090336;Feira de Santana;Tomba;2ª Travessa Touring;BA
40415275;Salvador;Bonfim;Rua Henrique Dias;BA
45075420;Vitória da Conquista;Ibirapuera;Rua Vinte e Três de Julho;BA
41311144;Salvador;Águas Claras;Caminho 09 (Lot C Vida);BA
41220610;Salvador;Mata Escura;Rua Sebastião Mascarenhas;BA
40385470;Salvador;Boa Vista de São Caetano;Rua Manoel Falefa;BA
44095100;Feira de Santana;Aviário;Rua Estrela Dalva;BA
40387200;Salvador;Boa Vista de São Caetano;Vila Maria;BA
41235870;Salvador;Pau da Lima;1ª Travessa 5 de Agosto;BA
45075365;Vitória da Conquista;Ibirapuera;Rua Calcutá;BA
44065594;Feira de Santana;Conceição;Rua Marilândia;BA
40020315;Salvador;Centro;Avenida São Francisco;BA
41515166;Salvador;Bairro da Paz;4ª Travessa Machado de Assis;BA
41298790;Salvador;Boca da Mata de Valéria;Rua Jardim dos Jenipapeiros;BA
40040355;Salvador;Nazaré;Ladeira do Prata;BA
45830562;Eunápolis;Ivan Moura;Rua José Tertuliano dos Santos;BA
41710760;Salvador;Boca do Rio;Rua Dário Valois;BA
45052164;Vitória da Conquista;Bateias;Acesso Sete (Lot Sta Cruz);BA
41347095;Salvador;Boca da Mata;Praça 2 de Julho;BA
40713590;Salvador;Itacaranha;Rua Daniel Ferreira;BA
44075065;Feira de Santana;Ponto Central;Rua Uruguaiana;BA
41204345;Salvador;Arraial do Retiro;Rua Jaguaquara (Cj Res L E Magalhães);BA
40025345;Salvador;Baixa dos Sapateiros;Avenida ABC;BA
45075355;Vitória da Conquista;Ibirapuera;Rua Anagé;BA
45985164;Teixeira de Freitas;Centro;Travessa Porto Seguro;BA
45012210;Vitória da Conquista;Primavera;Rua I (Lot J Anchieta);BA
41299440;Salvador;Boca da Mata de Valéria;Rua Leão Diniz;BA
42807230;Camaçari;Gleba A;Rua Três do Triângulo;BA
42734290;Lauro de Freitas;Areia Branca;Rua do Trabalhador;BA
41337140;Salvador;Cajazeiras;Rua Eustáquio Linhares Borges;BA
41490191;Salvador;Mussurunga I;Caminho 20 (Gleba G);BA
45020341;Vitória da Conquista;Recreio;Rua Leonídio Oliveira - de 367/368 ao fim;BA
45023155;Vitória da Conquista;Jurema;Rua Paramaribo;BA
44020325;Feira de Santana;Baraúna;Rua Ogum Beira Mar;BA
40450620;Salvador;Uruguai;Rua José Short;BA
41110542;Salvador;Pernambués;Rua Natuba;BA
44066280;Feira de Santana;Conceição;Avenida Iguatemi;BA
47810828;Barreiras;São Pedro;Rua Paraíso - até 608/609;BA
45075560;Vitória da Conquista;Ibirapuera;Rua H (Nenzinha Santos II);BA
41650455;Salvador;Piatã;Alameda Praia Ville-6;BA
45028626;Vitória da Conquista;Candeias;Rua A (Inocoop II);BA
41301705;Salvador;Valéria;Avenida do Terracon;BA
44066646;Feira de Santana;Conceição;Rua França;BA
44470971;Vera Cruz;Gamboa;Rua Vinte e Oito de Maio, s/n ;BA
40349280;Salvador;Alto do Peru;Ladeira do Pará;BA
41385020;Salvador;Sete de Abril;Travessa Milton Pereira Santana;BA
65030740;São Luís;Parque Amazonas;Rua Itacoatiara;MA
65035336;São Luís;Fé em Deus;2ª Travessa Joaquim Serra;MA
65033086;São Luís;Areinha;Rua Projetada (Vl João Alberto);MA
65092222;São Luís;Quebra Pote;Rua Paraíba (Tindiba);MA
65306075;Santa Inês;Jardim Nova Era;Rua Lateral Norte;MA
65300405;Santa Inês;São Benedito;Rua São Raimundo;MA
65092578;São Luís;Pedrinhas;Rua da Paz (Vl Natal);MA
65091779;São Luís;Rio Grande;Rua Piauí;MA
65091154;São Luís;Vila Maranhão;Rua Vinte e Dois de Abril (Sitinho);MA
65302681;Santa Inês;Parque Santa Cruz;Travessa Bom Jesus;MA
65306005;Santa Inês;Jardim Nova Era;Rua 01;MA
65091138;São Luís;Vila Maranhão;Rua Quinze de Novembro (Sitinho);MA
65095130;São Luís;Tibiri;Rua Evandro Bessa;MA
65090090;São Luís;Recanto Verde;Travessa Sete;MA
65090114;São Luís;Recanto Verde;Travessa Três;MA
65010909;São Luís;Centro;Rua Couto Fernandes, 1 ;MA
65036450;São Luís;Alemanha;Rua Moreira Serra;MA
65300100;Santa Inês;Centro;Rua da Estrela;MA
65035100;São Luís;Liberdade;Rua Correia de Araújo;MA
65020050;São Luís;Camboa;Vila Bangu;MA
65037440;São Luís;Barreto;Rua Sarney Filho;MA
65304483;Santa Inês;COHAB;Rua 15;MA
65304137;Santa Inês;COHEB;Rua Maranhão;MA
65030351;São Luís;Fátima;2ª Travessa Costa Rodrigues;MA
65010916;São Luís;Centro;Avenida Beira-Mar, 544 ;MA
65092070;São Luís;Itapera;Rua Belo Horizonte;MA
65095340;São Luís;Tibiri;Rua São Miguel;MA
65090756;São Luís;Maracanã;Rua São Sebastião (Vl Industrial);MA
65302415;Santa Inês;Céu;Rua Maranhão;MA
65091502;São Luís;Vila Maranhão;Rua 02 (Res Santo Antonio);MA
65015300;São Luís;Centro;Praça da Misericórdia;MA
65091290;São Luís;Vila Maranhão;Rua Vinte e Três de Abril;MA
65035332;São Luís;Fé em Deus;1ª Travessa Joaquim Serra;MA
65020010;São Luís;Centro;Rua da Alegria;MA
65304432;Santa Inês;COHAB;Rua 26;MA
65090115;São Luís;Recanto Verde;Rua Três;MA
65302020;Santa Inês;Aeroporto;Rua Moraes Rego;MA
65300385;Santa Inês;São Benedito;Rua das Lavandeiras;MA
65093260;São Luís;Juçara;Rua Santo Antonio;MA
65300855;Santa Inês;Jardim Tropical;Rua José do Patrocínio;MA
65092606;São Luís;Pedrinhas;Rua das Flores (Maruaí);MA
65302545;Santa Inês;Mutirão;Rua Alegria;MA
65025260;São Luís;Coréia;Rua Emílio Lisboa;MA
65304441;Santa Inês;COHAB;Rua 06;MA
65092674;São Luís;Pedrinhas;Rua da Vitória;MA
65015088;São Luís;Centro;Travessa Ivar Saldanha;MA
65300360;Santa Inês;São Benedito;Travessa da Serraria;MA
65306125;Santa Inês;Jardim Nova Era;Rua João Pessoa;MA
65091212;São Luís;Vila Maranhão;Rua São Sebastião (Vl Tiradentes);MA
65090433;São Luís;Nova República;Rua Monte Herebe (Residencial 2000);MA
65035590;São Luís;Liberdade;Travessa Santa Isabel;MA
65200972;Pinheiro;Povoado Bom Viver;Rodovia MA-006, s/n ;MA
65025002;São Luís;Coréia;Avenida Kennedy - de 152/153 a 473/474;MA
65495970;Miranda do Norte;Centro;Rua João Mariano Bezerra, 7 ;MA
65020907;São Luís;Centro;Rua Oswaldo Cruz, 450 ;MA
65031370;São Luís;Retiro Natal;Travessa Paulo Frontin;MA
65090369;São Luís;Nova República;Rua Princesa Isabel (Residencial 2000);MA
65304242;Santa Inês;Vila Cabral;Rua Barão do Rio Branco;MA
65090425;São Luís;Nova República;Rua da Alegria (Residencial 2000);MA
65036150;São Luís;Alemanha;Rua Cônego Frederico Chaves;MA
65010280;São Luís;Centro;Rua Jacinto Maia;MA
65037290;São Luís;Monte Castelo;Rua Olavo Bilac;MA
65015100;São Luís;Belira;Rua Eduardo Aboud;MA
65010190;São Luís;Centro;Rua do Egito;MA
65031060;São Luís;Fátima;Rua Maceió;MA
65035480;São Luís;Monte Castelo;Rua Paulino Sousa;MA
65090475;São Luís;Nova República;Rua do Maracujá (Res Magnólia);MA
65025080;São Luís;Lira;Rua Araripe Júnior;MA
65304420;Santa Inês;COHAB;Avenida 05;MA
65306216;Santa Inês;Núcleo CVRD;Rua 03;MA
65020420;São Luís;Centro;Praça Odorico Mendes;MA
65090110;São Luís;Recanto Verde;Rua Dezesseis;MA
65093346;São Luís;Estiva;Rua do Igarapé;MA
65302696;Santa Inês;Parque Santa Cruz;Rua Juriti;MA
65095365;São Luís;Tibirizinho;Travessa da Paz (Vl Cruzado);MA
65095587;São Luís;Vila Esperança;Travessa Marcos Olímpio;MA
65170970;Icatu;Centro;Rua Duque de Caxias, s/n ;MA
65307100;Santa Inês;Santa Filomena;Rua CP 27 (Res Colina Park);MA
65032521;São Luís;Monte Castelo;Rua Cândido Mendes;MA
65095090;São Luís;Tibirizinho;Rua do Campo;MA
65300550;Santa Inês;Santo Antônio;Avenida Marechal Castelo Branco;MA
65903280;Imperatriz;Centro;Avenida Getúlio Vargas - de 1496/1497 ao fim;MA
65010610;São Luís;Centro;Praça São João;MA
65090542;São Luís;Nova República;Rua Ricardo Murad;MA
65025330;São Luís;Coréia;Travessa Manaus;MA
65302510;Santa Inês;Angelim;Rua das Flores;MA
65269970;Serrano do Maranhão;Centro;Avenida das Palmeiras, s/n ;MA
65783970;Senador Alexandre Costa;Centro;Rua do Comércio, 150 ;MA
65035065;São Luís;Fé em Deus;Rua Boa Vista;MA
65304610;Santa Inês;São Cristóvão;Avenida Marechal Castelo Branco;MA
65092088;São Luís;Itapera;Travessa Belo Horizonte;MA
65304456;Santa Inês;COHAB;Rua 10;MA
65090269;São Luís;Distrito Industrial;Rua Dezoito;MA
65095820;São Luís;Tibirizinho;Rua Principal;MA
65031630;São Luís;Apeadouro;Rua Seroa da Mota;MA
65015530;São Luís;Centro;Conjunto ABC;MA
65631060;Timon;Parque Piauí;Rua João Lula - até 1087/1088;MA
65095629;São Luís;Tibiri;Rua Treze de Maio (Vl Funil);MA
65300082;Santa Inês;Centro;Beco do Cajueiro;MA
65213970;Penalva;Centro;Rua Celso Magalhães de Almeida, 280 ;MA
28020100;Campos dos Goytacazes;Parque Jóquei Club;Rua Nazareno Bensi;RJ
20080005;Rio de Janeiro;Centro;Avenida Marechal Floriano - de 101 a 207 - lado ímpar;RJ
24752250;São Gonçalo;Ipiíba;Avenida Anjo Potestade;RJ
21051310;Rio de Janeiro;Inhaúma;Rua Colatina;RJ
27310130;Barra Mansa;Centro;Travessa Pedro Monteiro Chaves;RJ
25956220;Teresópolis;São Pedro;Servidão Lux;RJ
25050625;Duque de Caxias;Vila Leopoldina;Rua Major José Gonçalves;RJ
25025160;Duque de Caxias;Vila Amélia;Praça Francisco Manoel da Silva;RJ
24926320;Maricá;Vale da Figueira (Ponta Negra);Alameda Seis;RJ
20021315;Rio de Janeiro;Centro;Rua Beco da Música;RJ
21012372;Rio de Janeiro;Braz de Pina;Rua Dez;RJ
26587781;Mesquita;Chatuba;Rua Eliseu de Alvarenga - de 350 ao fim - lado par;RJ
20031904;Rio de Janeiro;Centro;Rua México, 31 ;RJ
27255080;Volta Redonda;Laranjal;Rua Cento e Cinqüenta e Seis-A;RJ
25233248;Duque de Caxias;Pilar;Rua Nice;RJ
27257685;Volta Redonda;Roma;Rua Treze;RJ
24919485;Maricá;Pindobal (Ponta Negra);Rua Vinte e Três (Lot Ch Bambuí II);RJ
27240575;Volta Redonda;Três Poços;Rua E (Lot Prq do Contorno);RJ
23073595;Rio de Janeiro;Campo Grande;Rua República;RJ
27963630;Macaé;Parque Aeroporto;Rua Carlos Magno Abreu Ferreira;RJ
20530310;Rio de Janeiro;Tijuca;Rua Marechal Trompowsky;RJ
25963525;Teresópolis;Panorama;Praça David Divan;RJ
26445265;Japeri;Eucaliptos;Rua Irmassi Fernandes;RJ
21921200;Rio de Janeiro;Jardim Carioca;Rua Frei João;RJ
25625081;Petrópolis;Centro;Rua Visconde Souza Franco;RJ
26089065;Nova Iguaçu;Carlos Sampaio;Rua Maria Tereza Couto;RJ
22780120;Rio de Janeiro;Jacarepaguá;Estrada da Pedra Negra;RJ
20231070;Rio de Janeiro;Santa Teresa;Rua Teresópolis;RJ
23047190;Rio de Janeiro;Campo Grande;Rua Itupiranga;RJ
23555010;Rio de Janeiro;Santa Cruz;Beco do Matias;RJ
24120080;Niterói;Fonseca;Travessa Glória;RJ
28909170;Cabo Frio;São Cristóvão;Rua Canadá;RJ
26470240;Japeri;Jardim Delamare;Rua Alegrete;RJ
23058282;Rio de Janeiro;Cosmos;Rua Solivana - até 208 - lado par;RJ
26550230;Mesquita;Juscelino;Rua Turumbi;RJ
24916315;Maricá;Guaratiba (Ponta Negra);Rua Cinquenta e Três;RJ
27960070;Macaé;Barra de Macaé;Rua Jerusalém;RJ
24751570;São Gonçalo;Arsenal;Rua Altamir de Almeida;RJ
23040320;Rio de Janeiro;Campo Grande;Beco Franco;RJ
28820970;Silva Jardim;Centro;Rua Borges Alfredique, 47 ;RJ
25925255;Magé;Goya (Guia de Pacobaíba);Rua Periandro José de Moura;RJ
22763612;Rio de Janeiro;Freguesia (Jacarepaguá);Beco do Aloisio;RJ
21911080;Rio de Janeiro;Freguesia (Ilha do Governador);Rua Apeacaba;RJ
26585660;Mesquita;Edson Passos;Rua João Bittencourt - de 627 ao fim - lado ímpar;RJ
25803212;Três Rios;Habitat;Rua Rita Fernandes da Silva;RJ
25665352;Petrópolis;Castrioto;Rua Wenceslau Vieira Dias;RJ
24813096;Itaboraí;Retiro São Joaquim;Rua Ministro Joaquim Antunes - de Quadra 137 a Quadra 138;RJ
22710650;Rio de Janeiro;Taquara;Praça das Musas;RJ
26545457;Nilópolis;Paiol de Pólvora;Travessa Geraldo Conceição;RJ
27257775;Volta Redonda;Roma;Rua Jorge Lourenço;RJ
26143500;Belford Roxo;Itaipu;Avenida Rio Douro;RJ
21875320;Rio de Janeiro;Bangu;Rua Codó;RJ
20397135;Rio de Janeiro;Paquetá;Praia Doutor Aristão;RJ
21765430;Rio de Janeiro;Realengo;Rua Birigui;RJ
22753090;Rio de Janeiro;Itanhangá;Rua Rubineia;RJ
23550156;Rio de Janeiro;Santa Cruz;Rua Projetada A (Acesso Hermes da Silva);RJ
27931045;Macaé;Lagoa;Rua Zelina Vieira Meirelles (Vl Palmeiras I);RJ
26190510;Belford Roxo;Santa Tereza;Rua Juraci Brum;RJ
26493390;Japeri;Vilar Grande;Rua Ottis;RJ
26215400;Nova Iguaçu;Metrópole;Rua Antônio Teixeira;RJ
27949370;Macaé;Nova Cidade;Rua Oslo;RJ
25990095;Teresópolis;Três Córregos;Rua São Lourenço;RJ
27521635;Resende;Residências do Vale;Rua Quatro;RJ
25264253;Duque de Caxias;Jardim Anhangá;Rua Java;RJ
23030310;Rio de Janeiro;Guaratiba;Estrada do Marmeleiro;RJ
25510241;São João de Meriti;Centro;Rua Estudante Eliane Castanheira - de 463 ao fim - lado ímpar;RJ
24735770;São Gonçalo;Sacramento;Rua Luiz de Souza Campos;RJ
27273422;Volta Redonda;Siderlândia;Viela Vinte e Um de Junho;RJ
22710245;Rio de Janeiro;Taquara;Rua Macembu - lado par;RJ
28605610;Nova Friburgo;Chácara Paraíso;Estrada Coronel Heber Alves da Costa;RJ
24417035;São Gonçalo;Pita;Rua Maria de Lourdes Delduque;RJ
24914180;Maricá;Parque Nanci;Rua João de Barro;RJ
20710020;Rio de Janeiro;Méier;Rua Doutor Pache de Faria;RJ
26113630;Belford Roxo;Das Graças;Rua Curitiba;RJ
21310400;Rio de Janeiro;Madureira;Praça Inácio do Canto;RJ
23073220;Rio de Janeiro;Campo Grande;Rua Soldado Basílio de Oliveira;RJ
21540230;Rio de Janeiro;Turiaçu;Rua Pimenta Bueno;RJ
22795410;Rio de Janeiro;Recreio dos Bandeirantes;Rua General Landri Gonçalves;RJ
26163325;Belford Roxo;Babi;Rua Solidão;RJ
25275470;Duque de Caxias;Imbariê;Avenida José Lópes Cançado;RJ
22723515;Rio de Janeiro;Jacarepaguá;Caminho Pau da Fome;RJ
27251370;Volta Redonda;Jardim Amália;Rua Professor Alfredo Ellis Júnior;RJ
26113038;Belford Roxo;Bom Pastor;Rua Itaju;RJ
24358570;Niterói;Marazul;Rua Jornalista Prudêncio Luiz Ferreira;RJ
24445240;São Gonçalo;Antonina;Rua Tales de Andrade;RJ
23095730;Rio de Janeiro;Campo Grande;Rua Lino Carlos de Paiva;RJ
24808376;Itaboraí;Ampliação;Rua Z;RJ
27263025;Volta Redonda;Eucaliptal;Rua Baltazar de Souza - de 154 ao fim - lado par;RJ
24723710;São Gonçalo;Vista Alegre;Rua João Vicente Franco;RJ
27333320;Barra Mansa;Jardim Ponte Alta;Rua B;RJ
26383405;Queimados;Fanchem;Rua Divino Alcides dos Santos;RJ
25212060;Duque de Caxias;Jardim Santa Rita;Avenida Nelson Mauro;RJ
24913285;Maricá;Itapeba;Rua das Rosas;RJ
24455230;São Gonçalo;Nova Cidade;Rua Bernardino Gomes;RJ
21531082;Rio de Janeiro;Acari;Travessa do Jorge;RJ
20021280;Rio de Janeiro;Centro;Praça Passeio Público;RJ
26545155;Nilópolis;Paiol de Pólvora;Beco Antônio Gomes Leal;RJ
25720321;Petrópolis;Corrêas;Vila Santo Inácio;RJ
28605555;Nova Friburgo;Amparo;Rua Jerônimo de Castro e Souza;RJ
24801230;Itaboraí;Vila Rica;Rua Morganita;RJ
7144350;Guarulhos;Chácara Cabuçu;Rua Terra Boa;SP
6767910;Taboão da Serra;Parque Pinheiros;Rua Mário Latorre, 96 ;SP
3477060;São Paulo;Vila Antonieta;Rua Benedito Bibiano;SP
14079604;Ribeirão Preto;Jardim Porto Seguro;Rua Seny Ribeiro dos Santos Motta;SP
5367020;São Paulo;Jardim Esmeralda;Rua Sebastião Rodrigues Urbano;SP
4961050;São Paulo;Vila Guiomar;Rua Maria Antônia;SP
9404350;Ribeirão Pires;São Caetaninho;Rua Tombos;SP
6818900;Embu das Artes;Jardim dos Oliveiras;Rodovia Régis Bittencourt, Km 276 ;SP
9180370;Santo André;Jardim Alvorada;Rua Joanópolis;SP
16012795;Araçatuba;Água Branca III;Rua Joana Favarin Jorge - de 759/760 ao fim;SP
8180630;São Paulo;Jardim Pantanal;Rua Beija-flor;SP
9190250;Santo André;Vila Pinheirinho;Rua Pacajás;SP
13468760;Americana;Jardim Brasília;Rua Joana Dollo - até 298/299;SP
5574420;São Paulo;Conjunto Promorar Raposo Tavares;Travessa Riacho Seco;SP
8773450;Mogi das Cruzes;Vila Sarah Avignon;Rua Dirceu Alves Rodrigues;SP
2054005;São Paulo;Vila Guilherme;Praça Nova Andradina;SP
18200490;Itapetininga;Vila Maria;Rua Cesário Leonel Ferreira;SP
7060155;Guarulhos;Vila São Ricardo;Rua Soldado Jamil Dágli;SP
5549190;São Paulo;Jardim das Esmeraldas;Praça Henrique Lepper;SP
3541120;São Paulo;Vila Guilhermina;Rua Curagiru;SP
12332240;Jacareí;Jardim Alvorada;Estrada do Barão;SP
3554100;São Paulo;Jardim Triana;Rua Antônio Taborda;SP
8330095;São Paulo;Sapopemba;Avenida Sapopemba;SP
3154000;São Paulo;Quinta da Paineira;Avenida Professor Luiz Ignácio Anhaia Mello - até 2000 - lado par;SP
1415906;São Paulo;Consolação;Rua Bela Cintra, 986 ;SP
12509270;Guaratinguetá;Parque São Francisco;Rua Rui Ottoni Mesquita Júnior;SP
2460072;São Paulo;Santa Teresinha;Rua José Leite de Almeida;SP
17209410;Jaú;Jardim Itamarati;Rua Alvarino Gomes de Oliveira e Silva;SP
6864610;Itapecerica da Serra;Jardim Analândia;Rua Presidente Jânio Quadros;SP
17600250;Tupã;Centro;Rua Paiaquas - até 1270/1271;SP
18145037;São Roque;Residencial Sítio Pinheiro (Canguera);Rua Leandro de Góes;SP
7230091;Guarulhos;Jardim Ottawa;Passagem Particular;SP
5518150;São Paulo;Jardim Trussardi;Rua Doutor Alexandre Marcondes Filho;SP
4522902;São Paulo;Indianópolis;Rua Gaivota, 9 ;SP
7170091;Guarulhos;Jardim Presidente Dutra;Viela Curiúva;SP
6226180;Osasco;Rochdale;Rua Porto Alegre;SP
14160520;Sertãozinho;Centro;Rua Antonio Seron;SP
2610120;São Paulo;Vila Nova Cachoeirinha;Praça Manuel da Costa Negreiros;SP
8122130;São Paulo;Jardim das Oliveiras;Rua Monsenhor Salim - de 657/658 ao fim;SP
12052625;Taubaté;Esplanada Santa Terezinha;Rua Rosangela Maria Pinto;SP
2266010;São Paulo;Vila Gustavo;Rua Areiópolis;SP
6144010;Osasco;Veloso;Rua Marina Bernardes de Souza;SP
1541000;São Paulo;Cambuci;Rua Backer;SP
4385070;São Paulo;Jardim Itacolomi;Rua Leônidas Vilhena de Carvalho;SP
6331060;Carapicuíba;Jardim Rosa Maria;Rua Alvorada;SP
12091670;Taubaté;Cidade Jardim;Rua Alziro Zarur;SP
3256060;São Paulo;Vila Cunha Bueno;Praça Luiz Augusto Canteiro;SP
13020433;Campinas;Botafogo;Avenida Barão de Itapura - de 1602/1603 a 2050/2051;SP
5781150;São Paulo;Jardim Atlântico;Rua Augusto Rivalta;SP
8507140;Ferraz de Vasconcelos;Vila São Paulo;Rua Mestre Pastinha;SP
9272416;Santo André;Tamanduateí 8;Travessa Canavieiras (NH Capuava);SP
4036902;São Paulo;Vila Mariana;Rua Domingos de Morais, 2102 ;SP
7155130;Guarulhos;Conjunto Residencial Haroldo Veloso;Rua do Trevo;SP
3961090;São Paulo;Cidade São Mateus;Rua Vitório Azzalin;SP
18066004;Sorocaba;Jardim Camila;Rua Pedro Pereira;SP
6142190;Osasco;Novo Osasco;Rua Maria Dolores Bonilha;SP
12321170;Jacareí;Conjunto Habitacional Marinho;Praça Chico Mendes;SP
15084320;São José do Rio Preto;Vila Nossa Senhora do Bonfim;Rua Tuino Egami;SP
9792480;São Bernardo do Campo;Montanhão;Rua 7 de Setembro (Areião);SP
6824460;Embu das Artes;Jardim Batista;Rua Riqueza;SP
9840140;São Bernardo do Campo;Dos Casa;Rua dos Ébanos (Jd Ipê);SP
6803200;Embu das Artes;Água Morna;Rua Dona Aurora Amaral Araújo;SP
4070070;São Paulo;Planalto Paulista;Rua Augusto Rolim Loureiro;SP
4603904;São Paulo;Jardim Petrópolis;Rua João Pais, 8 ;SP
14780120;Barretos;Centro;Rua 30 - até 1701/1702;SP
17050680;Bauru;Vila Pacífico II;Rua Doutor Sílvio Luiz da Costa;SP
14807256;Araraquara;Jardim Eliana;Avenida Alberto Santos Dumont - de 500 a 1298 - lado par;SP
4865035;São Paulo;Jardim Casa Grande;Rua José Martins Rodrigues;SP
6636130;Jandira;Parque Nova Jandira;Rua Olívia Martins;SP
6411120;Barueri;Vila Boa Vista;Rua Luís Carlos;SP
1106010;São Paulo;Luz;Rua Alfredo Maia;SP
4897900;São Paulo;Barragem;Estrada da Barragem 6500 ;SP
12611000;Lorena;Vila Cristina;Avenida Tiradentes;SP
13076570;Campinas;Jardim Belo Horizonte;Rua Antônio Bonavita;SP
19902680;Ourinhos;Vila Vilar;Rua Abdo Tânios Mrad;SP
12610220;Lorena;Cecap;Rua Samuel R. dos Santos;SP
12329028;Jacareí;Parque Imperial;Rua Dezesseis;SP
12425080;Pindamonhangaba;Residencial Mombaça I;Avenida Alferes Manuel Ribeiro do Amaral (Bairro da Galega);SP
18022205;Sorocaba;Vila Zacarias;Viela Nilza de Oliveira Altomare;SP
7856100;Franco da Rocha;Parque Vitória;Rua Nairobi;SP
18134000;São Roque;Parque IX de Julho;Avenida Três de Maio - até 558/559;SP
7830230;Franco da Rocha;Jardim dos Bandeirantes;Viela Quatro;SP
5535030;São Paulo;Rolinópolis;Parque Luiz Carlos Prestes;SP
3447160;São Paulo;Vila Carrão;Rua Santo Perussi;SP
14022106;Ribeirão Preto;Quinta da Primavera;Rua Capitão-Polícia Militar Salvador Loureiro;SP
11330819;São Vicente;Vila Margarida;Rua Sete (CDHU);SP
8021025;São Paulo;Vila Rosaria;Via de Pedestre Antônio Restori;SP
7904000;Francisco Morato;Jardim Eliza;Avenida São Paulo - até 983/984;SP
16074205;Araçatuba;Novo Paraíso;Rua Júlio César Ribeiro - até 181/182;SP
13150270;Cosmópolis;Bela Vista IV;Rua Antonio Tavano - até 109/110;SP
6384060;Carapicuíba;Recanto Campy;Rua Pau-Ferro;SP
12510545;Guaratinguetá;Jardim França II;Rua Oito;SP
4841080;São Paulo;Parque América;Rua José Carlos Ferreira;SP
17208749;Jaú;Jardim Campos Prado;Rua Cesário Romani;SP
8556130;Poá;Vila Oceania;Rua Ada;SP
18209380;Itapetininga;Jardim Leonel;Rua Maria Célia;SP
9835530;São Bernardo do Campo;Santa Cruz;Estrada Alice Pereira de Souza;SP
4859230;São Paulo;Jardim Alvorada (Zona Sul);Rua Anita Malfatti;SP
8737220;Mogi das Cruzes;Alto Ipiranga;Rua Thomas Dominguez Dominguez;SP
12720200;Cruzeiro;Vila Bionde;Rua Arthur Jupyaçara Tiburcio Ribeiro;SP
81030000;Curitiba;Fanny;Rua Omilio Monteiro Soares - até 1190/1191;PR
85870778;Foz do Iguaçu;Loteamento Bela Vista;Rua W;PR
85503190;Pato Branco;Aeroporto;Rua Aeroporto;PR
87310654;Campo Mourão;Moradias Condor;Rua Dom Virgílio de Pauli;PR
87245970;Malu (Terra Boa);Centro;Praça Luiz Peraro, 104 ;PR
84031010;Ponta Grossa;Uvaranas;Rua Souza Caldas;PR
85031160;Guarapuava;Alto Cascavel;Rua Thomé de Souza;PR
85020540;Guarapuava;Boqueirão;Rua Rui Barbosa;PR
83503420;Almirante Tamandaré;Cachoeira;Rua Ivone Soares;PR
83820038;Fazenda Rio Grande;Eucaliptos;Rua Inglaterra - até 259/260;PR
81560420;Curitiba;Uberaba;Rua Butiá;PR
86040460;Londrina;Califórnia;Rua Fausto Nicácio Sampaio;PR
84020767;Ponta Grossa;Neves;Rua Arthur Hilgemberg;PR
80010921;Curitiba;Centro;Rua Monsenhor Celso, 219 ;PR
86187332;Cambé;Jardim Silvino;Rua Antônio Dias Adorno;PR
82020590;Curitiba;Santa Felicidade;Rua Coronel Carlos Vieira de Camargo;PR
83090214;São José dos Pinhais;Arujá;Rodovia BR-376;PR
83304000;Piraquara;Vila Rosa;Rua Bernardo Michel;PR
86073366;Londrina;Jardim Barcelona;Rua Nivardo Sposito;PR
81860210;Curitiba;Alto Boqueirão;Rua Pedro Nabosne;PR
83508556;Almirante Tamandaré;Loteamento Marinoni;Rua João Sander Vanzin;PR
83206260;Paranaguá;Bockmann;Estrada do Bockmann;PR
82640372;Curitiba;Santa Cândida;Praça Alexandre Zraik;PR
84271270;Telêmaco Borba;Parque Limeira Área VI;Rua Medina;PR
84060650;Ponta Grossa;Contorno;Rua Praia da Urca;PR
85501170;Pato Branco;Santa Terezinha;Rua Artur Bertol;PR
83820479;Fazenda Rio Grande;Eucaliptos;Avenida Paineiras - até 710/711;PR
83311497;Piraquara;Guarituba;Rua São Cristóvão;PR
87711720;Paranavaí;Parque dos Ipês;Rua Projetada E;PR
87035540;Maringá;Parque Industrial 200;Rua Pioneiro Joao Rufato;PR
81560760;Curitiba;Uberaba;Rua Maria Elisabete Herrera;PR
87080010;Maringá;Vila Progresso;Rua Doutor Naby Zacarias;PR
87306060;Campo Mourão;Jardim Pio XII;Rua Guarani - de 1121/1122 a 2119/2120;PR
85903709;Toledo;Jardim Coopagro;Rua Primo Arrosi;PR
80050440;Curitiba;Cristo Rei;Rua Brigadeiro Rocha Loures;PR
83706750;Araucária;Capela Velha;Rua Yoshiaki Nagano;PR
86037518;Londrina;Jardim Portal dos Pioneiros;Rua Jair Cortez;PR
82310100;Curitiba;São Braz;Rua Luiz Homann;PR
86044370;Londrina;Jardim União da Vitória II;Rua dos Torneiros;PR
84020360;Ponta Grossa;Neves;Rua Prefeito Coronel Victor Antônio Batista;PR
80240230;Curitiba;Água Verde;Rua Acyr Guimarães;PR
83091204;São José dos Pinhais;Campo Largo da Roseira;Rua Lúcia Camila Ferraro Follador;PR
86188780;Cambé;Jardim Campos Verdes;Rua Monte Sinai;PR
81130040;Curitiba;Capão Raso;Rua Domingos Gabardo;PR
86606634;Rolândia;Conjunto Habitacional Santiago;Rua Lagoa Rodrigo de Freitas;PR
84015760;Ponta Grossa;Jardim Carvalho;Rua Pedro Mascarenhas Ribas;PR
84070460;Ponta Grossa;Boa Vista;Avenida Senador Flávio Carvalho Guimarães - até 2999/3000;PR
81220306;Curitiba;Campo Comprido;Rua Professor Elias Zacharias;PR
83704460;Araucária;Boqueirão;Rua Ivo Pereira;PR
82020465;Curitiba;Santa Felicidade;Rua Henrique da Cunha Mello;PR
86183797;Cambé;Jardim José Favaro;Rua Regina P. Raminelli;PR
84165220;Castro;Centro;Rua Benjamin Constant;PR
85031141;Guarapuava;Alto Cascavel;Rua Herberth Storl;PR
86030120;Londrina;Waldemar Hauer;Rua Pedregulho;PR
86055520;Londrina;Condomínio Royal Golf Residence;Rua Adelino Bornia;PR
85910160;Toledo;Vila Pioneiro;Rua Gonçalves Ledo;PR
80510370;Curitiba;Mercês;Praça de Himeji;PR
83501590;Almirante Tamandaré;Jardim Colonial;Avenida Colonial;PR
85870900;Foz do Iguaçu;Loteamento Universitário das Américas;Avenida Tarquínio Joslin dos Santos, 1300 ;PR
83502440;Almirante Tamandaré;Vila Grécia;Rua Dom João VI;PR
85871008;Foz do Iguaçu;Loteamento Porto Dourado;Rua Jose Luiz M de Mattos;PR
84022280;Ponta Grossa;Neves;Rua Doutor Pércio Iararence Cavalheiro Garcia;PR
86035685;Londrina;Jardim Monte Cristo;Rua Amélia Compri Vallim;PR
86031430;Londrina;Conjunto Habitacional Jesualdo Garcia Pessoa;Rua José Tetuo Saito;PR
82650520;Curitiba;Santa Cândida;Rua Clemens Albert Grimm;PR
83707090;Araucária;Thomaz Coelho;Rua Ladislau Gembaroski;PR
85905225;Toledo;Jardim Gisela;Avenida Nossa Senhora de Fátima - de 1311/1312 ao fim;PR
86800024;Apucarana;Centro;Rua Desembargador Clotário Portugal - de 1335/1336 ao fim;PR
83405020;Colombo;Rio Verde;Rua Rodésia;PR
84609130;União da Vitória;Nossa Senhora das Graças;Rua Geni Maria Taborda Be;PR
81200082;Curitiba;Mossunguê;Rua José da Silveira;PR
87053743;Maringá;Residencial Pioneiro Odwaldo Bueno Netto;Rua Décio Burali;PR
81460185;Curitiba;Cidade Industrial;Rua Airton Duma;PR
83415050;Colombo;Campestre;Rua Liberato Cavalli Sobrinho;PR
84604065;União da Vitória;São Sebastião;Rua Ariovaldo Huergo;PR
85507484;Pato Branco;Cristo Rei;Rua Thereza Rosa Marina Baggio;PR
83709442;Araucária;Campina da Barra;Rua Nenúfar;PR
81200600;Curitiba;Mossunguê;Rua Luiza Mazetto Baggio;PR
86035350;Londrina;Jardim Mairá;Rua do Imbu;PR
82620270;Curitiba;Tingui;Rua Calixto de Jesus;PR
81530130;Curitiba;Jardim das Américas;Rua Otávio Pereira dos Anjos;PR
83045500;São José dos Pinhais;Aviação;Rua das Andorinhas;PR
80215570;Curitiba;Prado Velho;Rua Dinorá Cardoso de Lima;PR
83824418;Fazenda Rio Grande;Gralha Azul;Rua Tangará - de 582/583 ao fim;PR
83065330;São José dos Pinhais;Guatupê;Rua Engenheiro Pedro Bonk;PR
84043350;Ponta Grossa;Cará-cará;Rua Planador;PR
80220262;Curitiba;Parolin;Praça Alcinda Gomes Chagas;PR
87068336;Maringá;Florais de Maringá;Rua 47.065;PR
82120610;Curitiba;Pilarzinho;Rua Saburo Okubo;PR
87005280;Maringá;Jardim Novo Horizonte;Rua Novo Horizonte;PR
83704260;Araucária;Boqueirão;Rua Professora Djanira Ribas de Albuquerque;PR
81900320;Curitiba;Sítio Cercado;Rua Uraí;PR
83706772;Araucária;São Miguel;Rua Sebastião Rodrigues de Souza;PR
85820000;Cascavel;São Salvador;Rodovia PR-180;PR
81930627;Curitiba;Umbará;Rua Romeu Pereira de Godoy;PR
81710490;Curitiba;Xaxim;Rua Antônio Adilson Neves;PR
86071020;Londrina;Leonor;Avenida Luigi Amorese - até 6849/6850;PR
87706090;Paranavaí;Jardim Santos Dumont;Rua do Aeroporto;PR
85929971;São Pedro do Iguaçu;Luz Marina;Avenida José Martinez, s/n ;PR
87310068;Campo Mourão;Jardim Tropical II;Avenida Jacutinga - de 741/742 ao fim;PR
93800382;Sapiranga;Centenário;Rua Avaí;RS
94455300;Viamão;Santo Onofre;Rua Cristo Rei;RS
97543600;Alegrete;Prado;Rua Tapuia;RS
92314010;Canoas;Harmonia;Rua Martinho Lutero (Loteamento Pitangueiras);RS
99025200;Passo Fundo;Vera Cruz;Rua Mário Missil;RS
96825710;Santa Cruz do Sul;Monte Verde;Rua Louro;RS
93120310;São Leopoldo;Scharlau;Rua Guaporé;RS
98030010;Cruz Alta;De Fátima;Rua Padre Pompeu;RS
93230140;Sapucaia do Sul;Boa Vista;Rua Euclides da Cunha;RS
91250164;Porto Alegre;Mário Quintana;Beco Trezentos e Quarenta (Vl Batista Flores);RS
93056220;São Leopoldo;Feitoria;Rua Chipre;RS
95088170;Caxias do Sul;Santa Corona;Rua Leocir Gonçalves Sperb;RS
94970766;Cachoeirinha;Jardim Betânia;Rua Miramar;RS
94025142;Gravataí;Castelo Branco;Rua João Luiz dos Santos;RS
94824780;Alvorada;Nova Americana;Rua H;RS
99064100;Passo Fundo;São Cristóvão;Rua Doutor Celso Ribeiro;RS
90810486;Porto Alegre;Santa Tereza;Beco Um (Av Jacuí);RS
91530510;Porto Alegre;Agronomia;Rua Gloriosa;RS
96081832;Pelotas;Areal;Avenida Três (Lot Liberdade);RS
97543140;Alegrete;Cidade Alta;Rua Carlos Pedroso da Silveira;RS
97575475;Santana do Livramento;São Paulo;Rua Presidente Getúlio Vargas - de 661/662 ao fim;RS
93821000;Sapiranga;Amaral Ribeiro;Avenida Vinte de Setembro - de 5902 a 6798 - lado par;RS
95077125;Caxias do Sul;São Virgílio;Rua Gilberto Vissirini Lahm dos Reis;RS
96503216;Cachoeira do Sul;Noemia;Rua Ana Isabel Garcia (Vl Leopoldina);RS
90880563;Porto Alegre;Santa Tereza;Beco Onze (Vl Tronco I);RS
97573563;Santana do Livramento;Centro;Rua Doutor Fialho - de 581 ao fim - lado ímpar;RS
95600300;Taquara;Recreio;Avenida Fernando Ferrari;RS
93819706;Sapiranga;São Jacó;Rua Marquês do Alegrete;RS
94055280;Gravataí;Monte Belo;Rua João Pacheco;RS
96055660;Pelotas;Três Vendas;Rua Manoel Rodrigues Gomes;RS
94195254;Gravataí;Mato Alto;Rua Marquês do Herval;RS
95110852;Caxias do Sul;Charqueadas;Rua Terezinha Zanotto (Lot Altos Santiago);RS
95055113;Caxias do Sul;De Lazzer;Rua João Miranda;RS
95095077;Caxias do Sul;Esplanada;Rua Adão Vargas da Conceição;RS
93340590;Novo Hamburgo;Primavera;Rua Campos;RS
95043540;Caxias do Sul;São José;Rua Adelino Fermiano Alves;RS
97502008;Uruguaiana;Mascarenhas de Moraes;Rodovia BR-290 - do km 724,000 ao fim;RS
91410151;Porto Alegre;Jardim do Salso;Praça José Luiz Carneiro Cruz;RS
90510002;Porto Alegre;Moinhos de Vento;Rua Vinte e Quatro de Outubro - até 999 - lado ímpar;RS
94495640;Viamão;Jari;Rua Xucuru;RS
91220150;Porto Alegre;Jardim Itu;Rua Delegado Jahir Souza Pinto;RS
94420260;Viamão;Elsa;Travessa Ataliba Francisco da Silva;RS
94155100;Gravataí;São Vicente;Rua Canadá;RS
93140306;São Leopoldo;Arroio da Manteiga;Rua Treze (Lot T Neves);RS
95611022;Taquara;Sagrada Família;Rua Nelson Renck - de 3011/3012 ao fim;RS
93346110;Novo Hamburgo;Petrópolis;Praça Theobaldo Kraemer;RS
96419270;Bagé;Habitar Brasil;Rua Luiz Monteiro Magalhães - até 699/700;RS
93351370;Novo Hamburgo;Roselândia;Rua Cerro Grande (Lot Pop Paraíso);RS
91270344;Porto Alegre;Mário Quintana;Beco Dez (R Seis de Novembro);RS
90880390;Porto Alegre;Medianeira;Rua Eurico Lara;RS
97575110;Santana do Livramento;COHAB do Armour;Rua Prefeito Milton Linn Molinos;RS
94430430;Viamão;Fiuza;Rua Três (Cond Bragança);RS
94435884;Viamão;Krahe;Rua G (Promorar);RS
93025480;São Leopoldo;Vicentina;Rua Frederico Schmidt;RS
93806868;Sapiranga;São Luiz;Rua da Chácara;RS
96845512;Santa Cruz do Sul;Schulz;Rua Henrique Funk;RS
91420165;Porto Alegre;Bom Jesus;Beco Quarenta e Um (Vl Mato Sampaio);RS
99042360;Passo Fundo;Vera Cruz;Rua Dona Zoca;RS
93265294;Esteio;Liberdade;Rua B (Vl Guterres);RS
91040500;Porto Alegre;Jardim Floresta;Rua da Graça;RS
93820000;Sapiranga;Horizonte;Rua A - lado par;RS
92440646;Canoas;Guajuviras;Quadra M Seis;RS
95112550;Caxias do Sul;Cidade Nova;Rua Celino Nunes Barbosa;RS
90040401;Porto Alegre;Azenha;Rua Professor Freitas e Castro - de 368/369 ao fim;RS
95010060;Caxias do Sul;São Pelegrino;Avenida Rio Branco - até 959/960;RS
98783454;Santa Rosa;Guia Lopes;Rua Um (Lot Paiva Klein);RS
95041303;Caxias do Sul;Nossa Senhora de Fátima;Avenida Ruben Bento Alves - de 3001 a 3329 - lado ímpar;RS
92200460;Canoas;Rio Branco;Rua Nossa Senhora Aparecida;RS
96072027;Pelotas;Três Vendas;Rua Sete (Vl Princesa);RS
96015330;Pelotas;Centro;Rua Quatorze (da DR Alburquerque Barros);RS
90820110;Porto Alegre;Cristal;Beco Dois (R Curupaiti);RS
94020170;Gravataí;Salgado Filho;Rua Dois de Novembro;RS
97503544;Uruguaiana;Cabo Luís Quevedo;Rua Aleixo Worlod - de 3501/3502 a 3999/4000;RS
91750310;Porto Alegre;Vila Nova;Rua Itacurubi;RS
90690290;Porto Alegre;Jardim Botânico;Rua Surupá;RS
90020024;Porto Alegre;Centro Histórico;Avenida Borges de Medeiros - de 0670 a 1262 - lado par;RS
95057470;Caxias do Sul;São Ciro;Rua Mário de Andrade;RS
95042380;Caxias do Sul;Pioneiro;Rua José Libório da Costa;RS
91751565;Porto Alegre;Campo Novo;Rua Maria Lídia Magliani;RS
97032030;Santa Maria;Tancredo Neves;Rua Arnaldo Souza;RS
93821824;Sapiranga;Vôo Livre;Rua Oásis;RS
96010022;Pelotas;Centro;Rua Quatro (Lot Barão de Mauá);RS
93608380;Estância Velha;Rincão dos Ilhéus;Rua Pedro Américo;RS
94425380;Viamão;Tarumã;Rua São João;RS
95032798;Caxias do Sul;Nossa Senhora da Saúde;Rua Lourival Cunha Lima;RS
91230747;Porto Alegre;Passo das Pedras;Rua Adalberto Severo de Moraes (Lot Campos Conde);RS
95074040;Caxias do Sul;Cruzeiro;Rua Ernani Falcão;RS
93044513;São Leopoldo;Campestre;Rua Felicidade (Vl Born);RS
94150490;Gravataí;Barnabé;Rua Leopoldo Coronato;RS
99072655;Passo Fundo;Vila Luiza;Rua Miguel Vedoy (Vl Jardim);RS
99523970;Almirante Tamandaré do Sul;Centro;Rua Principal, s/n ;RS
97070590;Santa Maria;Urlândia;Rua Raul Machado Soares;RS
93054490;São Leopoldo;Feitoria;Rua Doutor Ramiro Frota Barcelos;RS
94810110;Alvorada;Passo do Feijó;Rua Brasil;RS
98794296;Santa Rosa;Planalto;Rua Ernesto Jesse;RS
93265169;Esteio;Centro;Rua Vinte e Quatro de Agosto - até 649 - lado ímpar;RS
95030854;Caxias do Sul;Santa Catarina;Rua Celso Silva Schaidhauer;RS
93022410;São Leopoldo;São João Batista;Travessa Assunção;RS
93611410;Estância Velha;Encosta do Sol;Rua das Hortências;RS
93022535;São Leopoldo;São João Batista;Rua Tigre;RS
72425053;Brasília;Setor Oeste (Gama);EQ 5/7 Bloco A;DF
72622300;Brasília;Recanto das Emas;Quadra 310;DF
71015033;Brasília;Guará I;QE 16 Conjunto C;DF
72620120;Brasília;Recanto das Emas;Quadra 300 Conjunto 19;DF
72231520;Brasília;Ceilândia Sul (Ceilândia);EQNP 12/16 (Comércio);DF
70233540;Brasília;Asa Sul;CLS 203 Bloco D;DF
71884744;Brasília;Riacho Fundo II;QS 22 Área Especial 1;DF
72006550;Brasília;Setor Habitacional Vicente Pires;Rua 6 Chácara 264;DF
72622222;Brasília;Recanto das Emas;Avenida DMonjolo Quadra 309;DF
72325567;Brasília;Samambaia Norte (Samambaia);QN 423 Conjunto G Comércio;DF
72425070;Brasília;Setor Oeste (Gama);Quadra 7;DF
72238279;Brasília;Setor Habitacional Pôr do Sol (Ceilândia);SHPS Quadra 502 Conjunto C;DF
71070122;Brasília;Guará II;QE 40 Conjunto L;DF
72428749;Brasília;Ponte Alta Norte (Gama);Casa Grande Módulo 17 MA - 2;DF
73358205;Brasília;Setor Residencial Leste (Planaltina);Quadra 25 Conjunto A;DF
73366209;Brasília;Vila Feliz (Planaltina);Conjunto C;DF
71540111;Brasília;Setor de Mansões do Lago Norte;SMLN ML Trecho 11 Conjunto 1;DF
71996640;Brasília;Setor Habitacional Arniqueira (Águas Claras);SHA Conjunto 7 Chácara 26;DF
70847540;Brasília;Asa Norte;CLN 406 Bloco D;DF
72005180;Brasília;Setor Habitacional Vicente Pires;Rua 1 Chácara 14;DF
71070507;Brasília;Guará II;Rua 7 (Pólo de Modas);DF
71587798;Brasília;Paranoá Parque (Paranoá);Quadra 3 Conjunto 6 Lote 6 Bloco I;DF
70210155;Brasília;Vila da Telebrasília;Rua 27;DF
70630512;Brasília;Setor Militar Urbano;QRSN Conjunto 4;DF
72005270;Brasília;Setor Habitacional Vicente Pires;Rua 1 Chácara 25/4;DF
70673306;Brasília;Setor Sudoeste;SQSW 303 Bloco F;DF
71880044;Brasília;Riacho Fundo II;QN 7D Conjunto 4;DF
71660020;Brasília;Setor de Habitações Individuais Sul;SHIS QI 23 Conjunto 2;DF
72581480;Brasília;Núcleo Rural Santa Maria;Chácara 14 A;DF
71710026;Brasília;Núcleo Bandeirante;Avenida Central Bloco 1165;DF
72592205;Brasília;Residencial Santos Dumont (Santa Maria);QRI 5;DF
70773590;Brasília;Asa Norte;CLN 116 Bloco I;DF
72631126;Brasília;Recanto das Emas;Quadra 405 Conjunto 26;DF
70878100;Brasília;Asa Norte;SQN 415 Bloco J;DF
72428647;Brasília;Ponte Alta Norte (Gama);Casa Grande Módulo 16 MA - 9;DF
71261450;Brasília;Setor Leste (Vila Estrutural);Quadra 4;DF
72509228;Brasília;Santa Maria;CL 209 Bloco H;DF
70650452;Brasília;Cruzeiro Novo;SHCES Quadra 405 Bloco B;DF
71805513;Brasília;Riacho Fundo I;CLN 3 Bloco C (Comércio);DF
71720999;Brasília;Núcleo Bandeirante;Avenida Central Blocos 518/680 Lote 626 ;DF
72327100;Brasília;Samambaia Norte (Samambaia);QR 427;DF
72641115;Brasília;Recanto das Emas;Quadra 605 Conjunto 15;DF
71258415;Brasília;Setor Norte (Vila Estrutural);Quadra 4 Conjunto 13;DF
72237110;Brasília;Área de Desenvolvimento Econômico (Ceilândia);ADE Quadra 1 Conjunto A;DF
70732530;Brasília;Asa Norte;CLN 103 Bloco C;DF
73016148;Brasília;Sobradinho;Quadra 2 Comércio Local 21;DF
70753100;Brasília;Asa Norte;SQN 110 Bloco J;DF
73355704;Brasília;Setor Residencial Leste (Planaltina);Quadra 17 Conjunto D;DF
72581620;Brasília;Núcleo Rural Santa Maria;Chácara 30 A;DF
71882053;Brasília;Riacho Fundo II;Quadra QC 2 Conjunto 3;DF
72151613;Brasília;Taguatinga Norte (Taguatinga);QNL 15 Bloco C;DF
70680250;Brasília;Setor Sudoeste;CCSW 2;DF
72115911;Brasília;Taguatinga Norte (Taguatinga);CNB 2 Lote 13 ;DF
70292050;Brasília;Asa Sul;SQS 213 Bloco E;DF
71994495;Brasília;Setor Habitacional Arniqueira (Águas Claras);SHA Conjunto 4 Chácara 84;DF
70684035;Brasília;Setor Noroeste;SQNW 304 Bloco F;DF
71587510;Brasília;Paranoá Parque (Paranoá);Quadra 3 Conjunto 2 Lote 1 Bloco O;DF
70790136;Brasília;Asa Norte;SGAN 913 Módulo F;DF
71258365;Brasília;Setor Norte (Vila Estrutural);Quadra 4 Conjunto 3;DF
70068901;Brasília;Zona Cívico-Administrativa;Esplanada dos Ministérios Bloco B ;DF
71996205;Brasília;Setor Habitacional Arniqueira (Águas Claras);SHA Conjunto 6 Chácara 23;DF
71956000;Brasília;Areal (Águas Claras);QS 5 Rua 800;DF
72705050;Brasília;Setor Norte (Brazlândia);Quadra 5;DF
72151311;Brasília;Taguatinga Norte (Taguatinga);QNL 13 Bloco A;DF
70865080;Brasília;Asa Norte;SQN 410 Bloco H;DF
70688150;Brasília;Setor Noroeste;CRNW 510 Bloco A Lote 5;DF
72744004;Brasília;Vila São José (Brazlândia);Quadra 44 Conjunto D;DF
70658371;Brasília;Cruzeiro Novo;SHCES Quadra 1307 Bloco A;DF
72329240;Brasília;Samambaia Norte (Samambaia);QR 433 Área Especial s/n;DF
72210092;Brasília;Ceilândia Norte (Ceilândia);QNM 8 Conjunto L;DF
71715070;Brasília;Núcleo Bandeirante;Segunda Avenida Área Especial 10;DF
73088300;Brasília;Condomínio Vale dos Pinheiros (Sobradinho);Conjunto A;DF
71540137;Brasília;Setor de Mansões do Lago Norte;SMLN MI Trecho 13 Conjunto 2;DF
71215340;Brasília;Zona Industrial (Guará);SMAS Conjunto B1;DF
71959000;Brasília;Areal (Águas Claras);QS 5 Rua 412;DF
71540400;Brasília;Setor de Habitações Individuais Norte;Vila Varjão do Torto;DF
71572007;Brasília;Paranoá;Quadra 19 Conjunto G;DF
72503504;Brasília;Santa Maria;QR 203 Conjunto D;DF
73340703;Brasília;Jardim Roriz (Planaltina);Quadra 7 Conjunto 7C;DF
71010257;Brasília;Guará I;QI 10 Conjunto Z;DF
72710108;Brasília;Setor Norte (Brazlândia);Quadra 10 Rua G;DF
72503512;Brasília;Santa Maria;QR 203 Conjunto L;DF
71020211;Brasília;Guará I;QI 3 Área Central;DF
72320529;Brasília;Samambaia Norte (Samambaia);QS 410 Conjunto I Comércio;DF
72005825;Brasília;Setor Habitacional Vicente Pires;Rua 3 Chácara 94;DF
72001295;Brasília;Setor Habitacional Samambaia (Vicente Pires);Rua 4 Chácara 23;DF
72640007;Brasília;Recanto das Emas;ADE 600 Conjunto 7;DF
72015560;Brasília;Taguatinga Sul (Taguatinga);QSB 6;DF
72150612;Brasília;Taguatinga Norte (Taguatinga);QNL 5 Bloco B;DF
71200252;Brasília;Zona Industrial (Guará);SIA Trecho 17 Rua 18;DF
71635013;Brasília;Setor de Habitações Individuais Sul;SHIS QI 13;DF
71070694;Brasília;Guará II;Área Especial 4 Módulo I;DF
70343030;Brasília;Asa Sul;SQS 104 Bloco C;DF
70347450;Brasília;Asa Sul;EQS 108/308;DF
72420428;Brasília;Setor Oeste (Gama);Quadra B Conjunto 8 (Vl Roriz);DF
70324900;Brasília;Asa Sul;SCS Quadra 6 Bloco A Lote 110 ;DF
72428611;Brasília;Ponte Alta Norte (Gama);Casa Grande Módulo 15 MA - 43;DF
70847520;Brasília;Asa Norte;CLN 406 Bloco B;DF
71588092;Brasília;Paranoá Parque (Paranoá);Quadra 4 Conjunto 3 Lote 1 Bloco F;DF
70680180;Brasília;Setor Sudoeste;CCSW 1 Lote 4;DF
75532684;Itumbiara;Conjunto Habitacional Dionária Rocha;Rua Quim Machado;GO
74780711;Goiânia;Residencial São Leopoldo;Avenida Anápolis;GO
74075340;Goiânia;Setor Aeroporto;Rua 30 A;GO
74354693;Goiânia;Fazenda Santa Rita - Conjunto Residencial Alto Oriente;Via de Acesso 4;GO
75535725;Itumbiara;Dom Veloso;Avenida Modesto de Carvalho;GO
74550400;Goiânia;Vila Abajá;Rua Benjamin Constant;GO
75520610;Itumbiara;Nossa Senhora da Saúde (Prolongamento);Rua Rolinha;GO
75133872;Anápolis;Jardim Esperança;Avenida Gomes de Pina;GO
75056058;Anápolis;Residencial Vale dos Pirineus;Rua VP 14;GO
74391599;Goiânia;Residencial Nunes de Morais 1ª Etapa;Rua Otávio Nunes;GO
75262212;Senador Canedo;Sítios Vale das Brisas;Rua do Candelabro;GO
75526395;Itumbiara;Paranaíba;Rua Maracanã;GO
75133852;Anápolis;Residencial Cidade Industrial;Rua das Goiabeiras;GO
74710210;Goiânia;Jardim Novo Mundo;Rua Nevada;GO
72814180;Luziânia;Vila Juracy;Rua 22;GO
74483100;Goiânia;Parque João Braz - Cidade Industrial;Rua Bela Vista;GO
74120040;Goiânia;Setor Oeste;Rua K;GO
72883044;Cidade Ocidental;Ocidental Parque;Quadra 17;GO
74320120;Goiânia;Vila Lucy;Avenida E6;GO
74453170;Goiânia;Ipiranga;Rua Laguna;GO
72803580;Luziânia;Setor Leste;Rua Helena Vieira Jardim;GO
74893788;Goiânia;Parque Atheneu;Rua AT8 Unidade 301;GO
75094430;Anápolis;Anápolis City;Rua N-038;GO
74691814;Goiânia;Residencial Alice Barbosa I;Rua AB2B;GO
72833710;Luziânia;Parque Desportivo Brasília (Roosevelt);Quadra 210;GO
75024971;Anápolis;Setor Central;Rua Engenheiro Portela, 510 ;GO
74983360;Aparecida de Goiânia;Industrial Santo Antônio;Rua Josefina Veiga Jubé;GO
75912368;Rio Verde;Vila Mariana Prolongamento II;Rua E;GO
74935895;Aparecida de Goiânia;Vila Rosa;Rua Alice Correia;GO
72887727;Cidade Ocidental;Mansões Suleste I;Quadra 15;GO
74947690;Aparecida de Goiânia;Setor dos Bandeirantes;Rua Antônio Fernandes;GO
74530420;Goiânia;Vila Aguiar;Rua Ituiutaba;GO
74595305;Goiânia;Residencial Itália;Rua CR3;GO
74543280;Goiânia;Setor dos Funcionários;Rua P 14;GO
74905240;Aparecida de Goiânia;Vila Brasília;Rua Fortaleza;GO
75261589;Senador Canedo;São Francisco;Rua SF 2;GO
75710030;Catalão;Castelo Branco;Rua 111;GO
75094705;Anápolis;Jardim Europa;Avenida Perimetral Norte Sul;GO
74990580;Aparecida de Goiânia;Retiro do Bosque;Rua dos Sombreiros;GO
75711726;Catalão;Residencial Morada do Sol;Rua 04;GO
74393440;Goiânia;Parque Santa Rita;Rua SR 3;GO
76383332;Goianésia;Colina Park Residencial;Rua 12 Leste - de 2083/2084 ao fim;GO
74922780;Aparecida de Goiânia;Sítios Santa Luzia;Rua X-100;GO
74356066;Goiânia;Residencial Itaipu;Rua RI 35;GO
74954180;Aparecida de Goiânia;Parque Veiga Jardim;Rua Dona Ordalia Brandão Lopes;GO
75534540;Itumbiara;Jardim Nova Itumbiara;Rua Egídio Guizzetti;GO
74685795;Goiânia;Vila Jardim Pompéia;Rua Palmares;GO
75524282;Itumbiara;Vila Residencial de Furnas;Rua Serra da Mesa;GO
74354865;Goiânia;Residencial Barcelona;Avenida Center;GO
74591045;Goiânia;Parque Balneário;Rua PB 2;GO
75136315;Anápolis;Residencial do Trabalhador;Rua RT 8;GO
74550500;Goiânia;Vila Abajá;Rua 7;GO
74993180;Aparecida de Goiânia;Jardim Eldorado;Rua Tupinambás;GO
74825240;Goiânia;Setor Pedro Ludovico;Rua 1060;GO
74580410;Goiânia;Setor Perim;Rua SP 19;GO
75115589;Anápolis;JK Setor Oeste;Rua 1;GO
74310150;Goiânia;Vila Alpes;Rua A14;GO
74580540;Goiânia;Setor Progresso;Rua F;GO
74590790;Goiânia;Jardim Balneário Meia Ponte;Avenida Xerentes;GO
74481141;Goiânia;Jardim Curitiba;Rua JC32A;GO
74830080;Goiânia;Setor Pedro Ludovico;Rua James Watt;GO
74360425;Goiânia;Jardim Vila Boa;Rua da Vitória;GO
74674080;Goiânia;Setor Jaó;Avenida Pedro Álvares Cabral;GO
74340050;Goiânia;Parque Anhanguera;Rua Carlos Gomes;GO
74455208;Goiânia;São Francisco;Avenida Ipiranga;GO
75040440;Anápolis;Maracanã;Rua Dom Emanuel;GO
72801017;Luziânia;Setor Aeroporto;Rua Artur Roriz;GO
74705090;Goiânia;Jardim Novo Mundo;Rua Caracas;GO
74445130;Goiânia;Vila João Vaz;Rua Florianópolis;GO
72897521;Cidade Ocidental;Residencial e Comercial Damha;Residencial Damha I Quadra K1;GO
74230270;Goiânia;Vila Americano do Brasil;Rua T 30 - até 98/99;GO
74987822;Aparecida de Goiânia;Célia Maria;Rua 2;GO
74265190;Goiânia;Jardim América;Rua C29;GO
72897330;Cidade Ocidental;Alphaville Brasília;Alphaville Residencial 3 Quadra AL;GO
74356580;Goiânia;Residencial Real Conquista;Rua RC 56;GO
74485775;Goiânia;Residencial Recanto das Garças;Rua Roosevelt Galdino de Oliveira;GO
75054220;Anápolis;Setor Escala;Rua Aurora Aires;GO
75106565;Anápolis;Setor Sul;Rua GB 7;GO
75910146;Rio Verde;Residencial Arco Iris;Rua do Buriti;GO
74954460;Aparecida de Goiânia;Parque Veiga Jardim;Rua Osvaldo Monclar;GO
74691823;Goiânia;Residencial Alice Barbosa I;Rua AB18;GO
74357665;Goiânia;Residencial Porto Dourado;Rua 88;GO
74976197;Aparecida de Goiânia;Vera Cruz;Rua Vitória;GO
74655148;Goiânia;Loteamento Mansões Pereira;Rua 231;GO
72880610;Cidade Ocidental;Centro;SQ 16 Quadra 12;GO
75524680;Itumbiara;Jardim Morumbi;Avenida Adelina Alves Vilela;GO
74663800;Goiânia;Goiânia 2;Trecho 7;GO
75390602;Trindade;Conjunto Sol Dourado;Rua 1;GO
75090050;Anápolis;Gran Ville;Rua Cravos;GO
75044125;Anápolis;Frei Eustáquio;Rua Divaldo Pereira Franco;GO
74440425;Goiânia;Setor São José;Rua 13;GO
74850090;Goiânia;Vila Redenção;Rua Manoel Antônio de Souza;GO
75093780;Anápolis;Parque Brasília 2ª Etapa;Rua PB 10;GO
75528332;Itumbiara;Residencial Alto do Trindade;Rua Rosemira Ferreira de Miranda;GO
75503560;Itumbiara;Centro;Praça da Goiás;GO
75135190;Anápolis;Parque Calixtópolis;Rua Leopoldo de Bulhões;GO
75702673;Catalão;Residencial Parati;Rua 1001;GO
73808785;Formosa;Setor Bela Vista;Rua 14;GO
75044060;Anápolis;Frei Eustáquio;Rua 2;GO
74363055;Goiânia;Conjunto Cachoeira Dourada;Rua D 34;GO
